USE new_database;

INSERT INTO `users` (`ID`, `username`, `plain_password`, `password`, `unit_name`, `farmer_name`, `phone`, `fax`, `mobile`, `address`, `email`, `total_area`, `notes`, `created_at`, `updated_at`) VALUES (1, 'farm_user01', 'password123', 'hashed_password123', 'Green Farm', 'John Doe', '123456789', NULL, '987654321', '123 Farm Road, City', 'john.doe@example.com', 10.50, '主要經營有機農業', '2025-05-22 02:20:11', '2025-05-22 02:20:11');
INSERT INTO `users` (`ID`, `username`, `plain_password`, `password`, `unit_name`, `farmer_name`, `phone`, `fax`, `mobile`, `address`, `email`, `total_area`, `notes`, `created_at`, `updated_at`) VALUES (2, 'user3', '123456', 'scrypt:32768:8:1$SWk5CnPEI5LNND0b$c9a94ca4b98fdff11c53426187c4b8076e98431c4d149e00fd1d94843f0179d35787b0a8be5e96fd24c714efcb75da7af55049d750a896bbc5dacbb6707c20c8', 'User Unit3', 'User3', '12341234', '', '', 'User Address3', 'user3@example.com', 5.50, '備註', '2025-05-22 03:39:01', '2025-06-05 00:40:04');
INSERT INTO `lands` (`id`, `user_id`, `number`, `lands_number`, `area`, `crop`, `notes`, `created_at`, `updated_at`) VALUES (1, 1, 'LAND001', '1234567890', 5.00, 'Tomatoes', '主要種植番茄', '2025-05-22 02:20:11', '2025-05-22 02:20:11');
INSERT INTO `lands` (`id`, `user_id`, `number`, `lands_number`, `area`, `crop`, `notes`, `created_at`, `updated_at`) VALUES (2, 1, 'LAND002', '0987654321', 3.00, 'Lettuce', '主要種植萵苣', '2025-05-22 02:20:11', '2025-05-22 02:20:11');
INSERT INTO `form002` (`id`, `user_id`, `lands_id`, `area_code`, `area_size`, `month`, `crop_info`, `notes`, `created_at`, `updated_at`) VALUES (1, 1, 1, 'A01', 5.00, '2025-05', 'Tomatoes, Harvest in July, Estimated 500kg', '需注意病蟲害防治', '2025-05-22 02:20:12', '2025-05-22 02:20:12');
INSERT INTO `form002` (`id`, `user_id`, `lands_id`, `area_code`, `area_size`, `month`, `crop_info`, `notes`, `created_at`, `updated_at`) VALUES (2, 1, 2, 'B01', 3.00, '2025-05', 'Lettuce, Harvest in June, Estimated 300kg', '需注意灌溉管理', '2025-05-22 02:20:12', '2025-05-22 02:20:12');
INSERT INTO `form02` (`id`, `user_id`, `lands_id`, `crop`, `crop_variety`, `seed_source`, `seedling_purchase_date`, `seedling_purchase_type`, `notes`, `created_at`, `updated_at`) VALUES (1, 1, 1, 'Tomatoes', 'Cherry Tomato', 'Local Supplier', '2025-03-01', 'Seed', '高品質種子', '2025-05-22 02:20:12', '2025-05-22 02:20:12');
INSERT INTO `form02` (`id`, `user_id`, `lands_id`, `crop`, `crop_variety`, `seed_source`, `seedling_purchase_date`, `seedling_purchase_type`, `notes`, `created_at`, `updated_at`) VALUES (2, 1, 2, 'Lettuce', 'Romaine', 'Local Supplier', '2025-03-15', 'Seedling', '需注意溫度控制', '2025-05-22 02:20:12', '2025-05-22 02:20:12');
INSERT INTO `form03` (`id`, `user_id`, `lands_id`, `operation_date`, `field_code`, `crop`, `crop_content`, `notes`, `created_at`, `updated_at`) VALUES (1, 1, 1, '2025-04-01', 'A01', 'Tomatoes', 'Soil preparation and fertilization', '使用有機肥料', '2025-05-22 02:20:12', '2025-05-22 02:20:12');
INSERT INTO `form03` (`id`, `user_id`, `lands_id`, `operation_date`, `field_code`, `crop`, `crop_content`, `notes`, `created_at`, `updated_at`) VALUES (2, 1, 2, '2025-04-05', 'B01', 'Lettuce', 'Planting seedlings', '需注意間距', '2025-05-22 02:20:12', '2025-05-22 02:20:12');
INSERT INTO `form06` (`id`, `user_id`, `lands_id`, `date_used`, `field_code`, `crop`, `fertilizer_type`, `fertilizer_material_name`, `fertilizer_amount`, `dilution_factor`, `operator`, `process`, `notes`, `created_at`, `updated_at`) VALUES (1, 1, 1, '2025-04-10', 'A01', 'Tomatoes', 'Base Fertilizer', 'Organic Fertilizer A', 50.00, NULL, 'John Doe', 'Spread evenly on soil', '需注意均勻施用', '2025-05-22 02:20:12', '2025-05-22 02:20:12');
INSERT INTO `form06` (`id`, `user_id`, `lands_id`, `date_used`, `field_code`, `crop`, `fertilizer_type`, `fertilizer_material_name`, `fertilizer_amount`, `dilution_factor`, `operator`, `process`, `notes`, `created_at`, `updated_at`) VALUES (2, 1, 2, '2025-04-12', 'B01', 'Lettuce', 'Top Dressing', 'Organic Fertilizer B', 30.00, NULL, 'John Doe', 'Apply near roots', '避免過量施用', '2025-05-22 02:20:12', '2025-05-22 02:20:12');
INSERT INTO `form07` (`id`, `user_id`, `fertilizer_material_code`, `fertilizer_material_name`, `manufacturer`, `supplier`, `packaging_unit`, `packaging_volume`, `notes`, `created_at`, `updated_at`) VALUES (1, 1, 'FERT001', 'Organic Fertilizer A', 'Green Fertilizer Co.', 'Local Supplier', 'Bag', '25kg', '適用於番茄', '2025-05-22 02:20:12', '2025-05-22 02:20:12');
INSERT INTO `form07` (`id`, `user_id`, `fertilizer_material_code`, `fertilizer_material_name`, `manufacturer`, `supplier`, `packaging_unit`, `packaging_volume`, `notes`, `created_at`, `updated_at`) VALUES (2, 1, 'FERT002', 'Organic Fertilizer B', 'Green Fertilizer Co.', 'Local Supplier', 'Bag', '20kg', '適用於萵苣', '2025-05-22 02:20:12', '2025-05-22 02:20:12');
INSERT INTO `form08` (`id`, `user_id`, `fertilizer_material_name`, `manufacturer`, `supplier`, `packaging_unit`, `packaging_volume`, `date`, `purchase_quantity`, `usage_quantity`, `remaining_quantity`, `notes`, `created_at`, `updated_at`) VALUES (1, 1, '尿素', '台肥', '台灣農資', '包', '20kg', '2025-06-01', 10.00, 2.00, 8.00, '基肥入庫', '2025-06-05 00:39:10', '2025-06-05 00:39:10');
INSERT INTO `form08` (`id`, `user_id`, `fertilizer_material_name`, `manufacturer`, `supplier`, `packaging_unit`, `packaging_volume`, `date`, `purchase_quantity`, `usage_quantity`, `remaining_quantity`, `notes`, `created_at`, `updated_at`) VALUES (2, 1, '磷酸二銨', '台肥', '台灣農資', '包', '25kg', '2025-06-02', 5.00, 1.00, 4.00, '追肥入庫', '2025-06-05 00:39:10', '2025-06-05 00:39:10');
INSERT INTO `form09` (`id`, `user_id`, `lands_id`, `date_used`, `field_code`, `crop`, `pest_target`, `pest_control_material_name`, `water_volume`, `chemical_usage`, `dilution_factor`, `safety_harvest_period`, `operator_method`, `operator`, `notes`, `created_at`, `updated_at`) VALUES (1, 1, 1, '2025-04-20', 'A01', 'Tomatoes', 'Aphids', 'Pesticide A', 100.00, 2.00, 50.00, 7, 'Spray evenly', 'John Doe', '需注意安全採收期', '2025-05-22 02:20:12', '2025-05-22 02:20:12');
INSERT INTO `form09` (`id`, `user_id`, `lands_id`, `date_used`, `field_code`, `crop`, `pest_target`, `pest_control_material_name`, `water_volume`, `chemical_usage`, `dilution_factor`, `safety_harvest_period`, `operator_method`, `operator`, `notes`, `created_at`, `updated_at`) VALUES (2, 1, 2, '2025-04-22', 'B01', 'Lettuce', 'Fungal Disease', 'Fungicide B', 80.00, 1.50, 40.00, 5, 'Spray evenly', 'John Doe', '避免過量使用', '2025-05-22 02:20:12', '2025-05-22 02:20:12');
INSERT INTO `form10` (`id`, `user_id`, `pest_control_material_code`, `pest_control_material_name`, `dosage_form`, `brand_name`, `supplier`, `packaging_unit`, `packaging_volume`, `notes`, `created_at`, `updated_at`) VALUES (1, 1, 'PCM001', '百滅寧', '水懸劑', '農友', '台灣農資', '瓶', '500ml', '常用殺菌劑', '2025-06-05 00:37:33', '2025-06-05 00:37:33');
INSERT INTO `form11` (`id`, `user_id`, `pest_control_material_name`, `dosage_form`, `brand_name`, `supplier`, `packaging_unit`, `packaging_volume`, `date`, `purchase_quantity`, `usage_quantity`, `remaining_quantity`, `notes`, `created_at`, `updated_at`) VALUES (1, 1, '百滅寧', '水懸劑', '農友', '台灣農資', '瓶', '500ml', '2025-06-01', 10.00, 2.00, 8.00, '入庫', '2025-06-05 00:37:34', '2025-06-05 00:37:34');
INSERT INTO `form12` (`id`, `user_id`, `lands_id`, `date_used`, `field_code`, `crop`, `other_material_name`, `usage_amount`, `operator`, `notes`, `created_at`, `updated_at`) VALUES (1, 1, 1, '2025-06-02', 'A1', '水稻', '石灰', 5.00, '王小明', '調整土壤酸鹼', '2025-06-05 00:37:34', '2025-06-05 00:37:34');
INSERT INTO `form13` (`id`, `user_id`, `other_material_code`, `other_material_name`, `manufacturer`, `supplier`, `packaging_unit`, `packaging_volume`, `notes`, `created_at`, `updated_at`) VALUES (1, 1, 'OM001', '石灰', '台灣石灰', '台灣農資', '包', '20kg', '土壤改良', '2025-06-05 00:37:34', '2025-06-05 00:37:34');
INSERT INTO `form14` (`id`, `user_id`, `other_material_name`, `manufacturer`, `supplier`, `packaging_unit`, `packaging_volume`, `date`, `purchase_quantity`, `usage_quantity`, `remaining_quantity`, `notes`, `created_at`, `updated_at`) VALUES (1, 1, '石灰', '台灣石灰', '台灣農資', '包', '20kg', '2025-06-01', 5.00, 1.00, 4.00, '入庫', '2025-06-05 00:37:34', '2025-06-05 00:37:34');
INSERT INTO `form15` (`id`, `user_id`, `date`, `item`, `operation`, `recorder`, `notes`, `created_at`, `updated_at`) VALUES (1, 1, '2025-06-03', '倉庫', '清潔', '王小明', '每月例行', '2025-06-05 00:37:34', '2025-06-05 00:37:34');
INSERT INTO `form16` (`id`, `user_id`, `date`, `item`, `operation`, `recorder`, `notes`, `created_at`, `updated_at`) VALUES (1, 1, '2025-06-03', '割草機', '保養', '王小明', '換機油', '2025-06-05 00:37:34', '2025-06-05 00:37:34');
INSERT INTO `form17` (`id`, `user_id`, `lands_id`, `harvest_date`, `field_code`, `crop_name`, `batch_or_trace_no`, `harvest_weight`, `process_date`, `post_harvest_treatment`, `post_treatment_weight`, `verification_status`, `notes`, `created_at`, `updated_at`) VALUES (1, 1, 1, '2025-07-01', 'A01', 'Tomatoes', 'BATCH001', 500.00, '2025-07-02', 'Sorting and packing', 480.00, 'Verified', '品質良好', '2025-05-22 02:20:12', '2025-05-22 02:20:12');
INSERT INTO `form17` (`id`, `user_id`, `lands_id`, `harvest_date`, `field_code`, `crop_name`, `batch_or_trace_no`, `harvest_weight`, `process_date`, `post_harvest_treatment`, `post_treatment_weight`, `verification_status`, `notes`, `created_at`, `updated_at`) VALUES (2, 1, 2, '2025-06-15', 'B01', 'Lettuce', 'BATCH002', 300.00, '2025-06-16', 'Washing and packing', 290.00, 'Verified', '需注意保鮮', '2025-05-22 02:20:12', '2025-05-22 02:20:12');
INSERT INTO `form17` (`id`, `user_id`, `lands_id`, `harvest_date`, `field_code`, `crop_name`, `batch_or_trace_no`, `harvest_weight`, `process_date`, `post_harvest_treatment`, `post_treatment_weight`, `verification_status`, `notes`, `created_at`, `updated_at`) VALUES (3, 1, 1, '2025-06-04', 'A1', '水稻', 'BATCH001', 1000.00, '2025-06-05', '乾燥', 950.00, '合格', '無', '2025-06-05 00:37:34', '2025-06-05 00:37:34');
INSERT INTO `form18` (`id`, `user_id`, `arena`, `process_date`, `item`, `batch_number`, `fresh_weight`, `operation`, `dry_weight`, `remarks`, `created_at`, `updated_at`) VALUES (1, 1, '乾燥場', '2025-06-05', '水稻', 'BATCH001', 1000.00, '日曬', 950.00, '乾燥良好', '2025-06-05 00:37:34', '2025-06-05 00:37:34');
INSERT INTO `form19` (`id`, `user_id`, `package`, `sale_date`, `product_name`, `sales_target`, `batch_number`, `shipment_quantity`, `packaging_spec`, `label_usage_quantity`, `label_void_quantity`, `verification_status`, `created_at`, `updated_at`) VALUES (1, 1, '包裝場', '2025-06-06', '白米', '超市', 'BATCH001', 900.00, '2kg/包', 450, 0, '合格', '2025-06-05 00:37:34', '2025-06-05 00:37:34');
INSERT INTO `form20` (`id`, `user_id`, `checkitem`, `jobdate`, `operator_name`, `created_at`, `updated_at`) VALUES (1, 1, '健康檢查', '2025-06-05', '王小明', '2025-06-05 00:37:34', '2025-06-05 00:37:34');
INSERT INTO `form22` (`id`, `user_id`, `date`, `customer_name`, `customer_phone`, `complaint`, `resolution`, `processor_name`, `processor_date`, `created_at`, `updated_at`) VALUES (1, 1, '2025-07-10', 'Jane Smith', '123456789', 'Received damaged tomatoes', 'Provided replacement', 'John Doe', '2025-07-11', '2025-05-22 02:20:12', '2025-05-22 02:20:12');
INSERT INTO `form22` (`id`, `user_id`, `date`, `customer_name`, `customer_phone`, `complaint`, `resolution`, `processor_name`, `processor_date`, `created_at`, `updated_at`) VALUES (2, 1, '2025-06-07', '李大華', '0912345678', '產品包裝破損', '補寄新品', '王小明', '2025-06-08', '2025-06-05 00:37:34', '2025-06-05 00:37:34');
